"","x","y","y1","y2"
"1",0,2,2.01685026653577,2.17149338056333
"2",0.01,2.03,2.05055860427883,1.91833152549341
"3",0.02,2.06,2.03756627533934,2.52830128482543
"4",0.03,2.09,2.11890767351422,1.71803330994211
"5",0.04,2.12,2.15306388178561,1.77655059204437
"6",0.05,2.15,2.15092829852714,2.30559320920147
"7",0.06,2.18,2.19304260521545,1.79485861311667
"8",0.07,2.21,2.16981230259337,1.80183556889184
"9",0.08,2.24,2.29489511210844,2.21862171707675
"10",0.09,2.27,2.31324715856556,2.48859552990645
"11",0.1,2.3,2.2473873170407,2.33006849973463
"12",0.11,2.33,2.28398651318892,2.09838145987131
"13",0.12,2.36,2.33529397552321,2.10419807479717
"14",0.13,2.39,2.44846549228707,2.39892326654866
"15",0.14,2.42,2.39340732958983,2.07708231064491
"16",0.15,2.45,2.48988240860985,2.00025025480427
"17",0.16,2.48,2.44304991268087,1.98744429696351
"18",0.17,2.51,2.51288484336378,2.88525017675944
"19",0.18,2.54,2.49270118688862,2.54910046440549
"20",0.19,2.57,2.56292843435111,2.63476615299471
"21",0.2,2.6,2.66377082417486,3.03525301618502
"22",0.21,2.63,2.58988598294754,2.52620150881819
"23",0.22,2.66,2.70989052922302,3.12106144948863
"24",0.23,2.69,2.65118692979356,2.91545009362511
"25",0.24,2.72,2.75102164286748,2.74035522158258
"26",0.25,2.75,2.75887281207251,3.08684850926511
"27",0.26,2.78,2.80205108492822,2.98222336333245
"28",0.27,2.81,2.78045727607317,3.24483838741668
"29",0.28,2.84,2.88506346891727,3.17998019131832
"30",0.29,2.87,2.82585091349739,3.08420103730634
"31",0.3,2.9,2.89644877849962,2.97726842071861
"32",0.31,2.93,2.99178039492038,2.57427081169561
"33",0.32,2.96,2.94042439503875,3.0721027469635
"34",0.33,2.99,3.02895469436294,3.27614007285796
"35",0.34,3.02,3.07194044682081,2.60850305317901
"36",0.35,3.05,3.01432409159956,3.34721901938319
"37",0.36,3.08,3.15687276401604,3.38095088202506
"38",0.37,3.11,3.05275058418873,3.11796048855409
"39",0.38,3.14,3.06766801384953,3.57009293987416
"40",0.39,3.17,3.10391080790584,3.3766084377002
"41",0.4,3.2,3.26936013434082,3.18757361620665
"42",0.41,3.23,3.25333316616656,3.64078711953014
"43",0.42,3.26,3.2670230191797,2.99071451531723
"44",0.43,3.29,3.3218586899814,3.34205669160932
"45",0.44,3.32,3.30655706172716,2.92924476967193
"46",0.45,3.35,3.37841033088451,3.11734055904672
"47",0.46,3.38,3.39115089885448,3.30450974765234
"48",0.47,3.41,3.39894281196932,3.06672240545973
"49",0.48,3.44,3.45665330981184,3.633151259562
"50",0.49,3.47,3.4553637808857,2.98397111359984
"51",0.5,3.5,3.45126439661253,3.87916211993434
"52",0.51,3.53,3.46145368298621,3.21509759171866
"53",0.52,3.56,3.56111120112473,3.07044744066894
"54",0.53,3.59,3.62403744762833,3.59651786499657
"55",0.54,3.62,3.58664582529967,3.3892722089123
"56",0.55,3.65,3.62944860846677,4.00269091557711
"57",0.56,3.68,3.67036040337943,3.22962203325704
"58",0.57,3.71,3.62187227344804,3.4935281137377
"59",0.58,3.74,3.64931594402692,3.71767509776168
"60",0.59,3.77,3.72616108543868,3.29816864242777
"61",0.6,3.8,3.71497186893364,4.05836187251843
"62",0.61,3.83,3.82543372910121,4.18865976009518
"63",0.62,3.86,3.77362112167408,4.0996481516771
"64",0.63,3.89,3.79553875440045,4.37428343748674
"65",0.64,3.92,3.94230806314945,3.47857373750769
"66",0.65,3.95,3.95855018125789,4.06478118761443
"67",0.66,3.98,3.96654413928301,3.75711636852473
"68",0.67,4.01,3.98894821275282,3.75112140084617
"69",0.68,4.04,4.04884678923944,4.00763961366378
"70",0.69,4.07,4.09519496775349,3.9760244304128
"71",0.7,4.1,4.04493117221398,3.90778002343141
"72",0.71,4.13,4.13243093453895,4.46978098118678
"73",0.72,4.16,4.24449899350479,3.79344346079975
"74",0.73,4.19,4.09593822419713,3.84594741748646
"75",0.74,4.22,4.18749767629779,4.10851091242395
"76",0.75,4.25,4.29786018335435,3.91500365897082
"77",0.76,4.28,4.34564819756709,3.95961713927798
"78",0.77,4.31,4.28262591244094,4.29993048723787
"79",0.78,4.34,4.39403534888732,4.04897273765877
"80",0.79,4.37,4.28999707577936,4.41772923653945
"81",0.8,4.4,4.31954467467032,4.05366549906321
"82",0.81,4.43,4.32786122246471,4.39115299686789
"83",0.82,4.46,4.45356824753853,4.39283130694181
"84",0.83,4.49,4.43933718968148,4.23490215303376
"85",0.84,4.52,4.57667862649821,4.91849419565871
"86",0.85,4.55,4.57809368354443,4.83344172262587
"87",0.86,4.58,4.52787082262547,4.38025615799241
"88",0.87,4.61,4.57567598374933,4.34999892361462
"89",0.88,4.64,4.72589854214713,4.66115344977938
"90",0.89,4.67,4.62548903780698,4.55353250059299
"91",0.9,4.7,4.80065123800538,4.45735921389423
"92",0.91,4.73,4.70815744838887,4.45170386090875
"93",0.92,4.76,4.81013532662345,5.1379135029763
"94",0.93,4.79,4.89898606859078,4.4104410593491
"95",0.94,4.82,4.78749021961936,5.07542508857325
"96",0.95,4.85,4.7785650902125,4.5668290365953
"97",0.96,4.88,4.77533166069165,5.06465705472045
"98",0.97,4.91,4.80131927303039,5.10022141373716
"99",0.98,4.94,4.96266680855583,4.7138771692384
"100",0.99,4.97,4.92715749165439,5.31757592319511
"101",1,5,5.00772805931047,5.03788280393928
"102",1.01,5.03,5.14706362346187,5.32828504100442
"103",1.02,5.06,5.02577982593561,5.30610278522596
"104",1.03,5.09,5.10934124926396,5.51124505364336
"105",1.04,5.12,5.17020345008373,5.33029209066182
"106",1.05,5.15,5.05462080970174,5.53031456130557
"107",1.06,5.18,5.10123819188471,5.67239568202756
"108",1.07,5.21,5.27524258974625,5.50570855828933
"109",1.08,5.24,5.25301963591762,4.78565151175484
"110",1.09,5.27,5.29460552999191,5.21113180832937
"111",1.1,5.3,5.39304683887283,4.96993148368783
"112",1.11,5.33,5.36036091817275,5.74002351301722
"113",1.12,5.36,5.26644836866669,5.00512905408628
"114",1.13,5.39,5.43533812660899,5.10173889632337
"115",1.14,5.42,5.29469280449185,5.84488707322627
"116",1.15,5.45,5.44725217809144,4.97408061153255
"117",1.16,5.48,5.61321910951613,5.02015469993465
"118",1.17,5.51,5.39856289983832,5.13932426366024
"119",1.18,5.54,5.58234413083945,5.96736782203428
"120",1.19,5.57,5.54114418188145,5.66180730534717
"121",1.2,5.6,5.58493234924972,5.88130656760186
"122",1.21,5.63,5.60909751929156,5.8345296204742
"123",1.22,5.66,5.53275228575547,6.01255187866278
"124",1.23,5.69,5.74852332251589,6.09855488856323
"125",1.24,5.72,5.673425404293,5.80400165638886
"126",1.25,5.75,5.83575891708897,6.18392808921635
"127",1.26,5.78,5.88230894184834,6.26311470379122
"128",1.27,5.81,5.93562158049632,5.86816219514236
"129",1.28,5.84,5.85307615088765,5.79532244071364
"130",1.29,5.87,5.76847692668065,6.18518719205633
"131",1.3,5.9,5.77164049577899,5.96319001060911
"132",1.31,5.93,6.0568001534635,5.95122338744812
"133",1.32,5.96,5.81567222146457,5.815929619167
"134",1.33,5.99,6.03101707943226,5.92595353257842
"135",1.34,6.02,5.95704969771043,6.37579007514752
"136",1.35,6.05,5.92888637847267,5.91331602116115
"137",1.36,6.08,6.06974401921779,5.86210633760318
"138",1.37,6.11,6.02521207573113,6.03342027765699
"139",1.38,6.14,6.18796960031427,6.00544526834041
"140",1.39,6.17,6.18718495032075,6.55317802851088
"141",1.4,6.2,6.16039132161066,5.83000748353079
"142",1.41,6.23,6.11454106077657,6.21877369053662
"143",1.42,6.26,6.35970474013081,5.84151877392083
"144",1.43,6.29,6.41891085650993,6.19162113122642
"145",1.44,6.32,6.40902622800972,5.96783215802163
"146",1.45,6.35,6.35609074305568,6.43198356209323
"147",1.46,6.38,6.43755908169597,5.97927702113055
"148",1.47,6.41,6.56550375025056,5.97323245260865
"149",1.48,6.44,6.45079930061242,6.11814092617482
"150",1.49,6.47,6.53585110625916,6.66970221724361
"151",1.5,6.5,6.35817778802593,6.49975491943769
"152",1.51,6.53,6.5999247483646,6.54278094016016
"153",1.52,6.56,6.50562303007767,6.78092476696707
"154",1.53,6.59,6.70419565246767,6.97723148428835
"155",1.54,6.62,6.49019431940862,6.97552509082481
"156",1.55,6.65,6.78433833868476,7.00908201523125
"157",1.56,6.68,6.71563387140818,6.88843274402432
"158",1.57,6.71,6.69855060716765,6.92955819847062
"159",1.58,6.74,6.71913413256244,7.11215142580681
"160",1.59,6.77,6.7493496547516,6.6942803924717
"161",1.6,6.8,6.67521842297632,6.82694885269739
"162",1.61,6.83,6.78302468892303,6.58447977078147
"163",1.62,6.86,6.93786887634685,7.2701969585754
"164",1.63,6.89,6.73955381550244,6.42905093227513
"165",1.64,6.92,6.75814894538932,6.65450556513853
"166",1.65,6.95,6.94133097074868,7.07154414597899
"167",1.66,6.98,7.11938642976177,7.10362979585305
"168",1.67,7.01,6.97464818011981,6.77640273211524
"169",1.68,7.04,6.93951637623459,6.94888839075342
"170",1.69,7.07,6.91608301170159,7.2856632586848
"171",1.7,7.1,7.11071570195956,6.67072193687782
"172",1.71,7.13,7.0500925120688,6.94892312457785
"173",1.72,7.16,7.33631274835207,7.59321193591692
"174",1.73,7.19,7.36123285257316,7.62592790979892
"175",1.74,7.22,7.12993707120419,7.29393777207471
"176",1.75,7.25,7.21398127284483,7.18843037635088
"177",1.76,7.28,7.42104086465761,7.3188194154948
"178",1.77,7.31,7.45160973544244,7.1414612400718
"179",1.78,7.34,7.41205771174305,7.25746901231818
"180",1.79,7.37,7.48894639496482,6.99888524262235
"181",1.8,7.4,7.37507139916997,7.37001140844077
"182",1.81,7.43,7.30406057027797,7.64057648211718
"183",1.82,7.46,7.47875177751155,7.02683027534746
"184",1.83,7.49,7.50695733618154,7.22655557120219
"185",1.84,7.52,7.70249202160351,7.36634779114276
"186",1.85,7.55,7.41045266211324,7.67904726318084
"187",1.86,7.58,7.48873184753768,7.64536065251566
"188",1.87,7.61,7.71366773415671,8.07304334956221
"189",1.88,7.64,7.82719457436353,7.47830495853908
"190",1.89,7.67,7.80393144770316,7.17638117780909
"191",1.9,7.7,7.89126994897961,8.12468454549089
"192",1.91,7.73,7.57966652269394,7.546387248924
"193",1.92,7.76,7.83500514255092,8.24837554128841
"194",1.93,7.79,7.9364164152724,8.13604427940212
"195",1.94,7.82,7.81450714356452,7.60100902098231
"196",1.95,7.85,7.6813256122038,7.96276735109277
"197",1.96,7.88,7.86385412216187,8.37383722851053
"198",1.97,7.91,7.85232212605968,7.88467936296016
"199",1.98,7.94,7.96696161592146,7.97342170454562
"200",1.99,7.97,8.01683125482069,8.07462878644466
"201",2,8,7.88160186037421,7.9344782049302
"202",2.01,8.03,8.22984769783262,8.39818652693182
"203",2.02,8.06,8.09902572929347,7.82150613836944
"204",2.03,8.09,8.09986113072932,7.85142952544615
"205",2.04,8.12,8.31292907847464,8.44142431125976
"206",2.05,8.15,8.29731077916513,8.08476453935727
"207",2.06,8.18,8.02835656234599,8.56656489201821
"208",2.07,8.21,8.0991637999278,7.85292900613509
"209",2.08,8.24,8.13971927279327,8.57548122528009
"210",2.09,8.27,8.08704474928172,8.04783150225878
"211",2.1,8.3,8.18468511186773,8.33155727358535
"212",2.11,8.33,8.38837538009416,8.78340896886773
"213",2.12,8.36,8.43344511990156,7.95782589762472
"214",2.13,8.39,8.52695141580119,8.82036355543882
"215",2.14,8.42,8.33769313175115,8.73588503904641
"216",2.15,8.45,8.56741270410421,7.95415406678803
"217",2.16,8.48,8.3895839224644,8.0879449611716
"218",2.17,8.51,8.3148084590598,8.01809445092455
"219",2.18,8.54,8.5260108296643,8.97830795190297
"220",2.19,8.57,8.49343272068899,8.99015415336937
"221",2.2,8.6,8.50330407605041,8.37893022052013
"222",2.21,8.63,8.46611123267666,8.7163187960349
"223",2.22,8.66,8.67187987613981,8.81317907626741
"224",2.23,8.69,8.67092430079635,8.70608498347923
"225",2.24,8.72,8.64478887568601,9.20186919186264
"226",2.25,8.75,8.69185137090972,8.7353672797326
"227",2.26,8.78,8.62127705753106,8.68551549848169
"228",2.27,8.81,8.59395765686035,8.53166748251766
"229",2.28,8.84,8.65578473155573,9.06243836941198
"230",2.29,8.87,8.81622648605122,8.78797111113556
"231",2.3,8.9,8.68977157216985,9.38960192687809
"232",2.31,8.93,8.88294789628964,8.9680167006515
"233",2.32,8.96,9.09963221433759,8.65635891797952
"234",2.33,8.99,9.164292046241,9.01625659480691
"235",2.34,9.02,8.88078647212521,9.02243479502387
"236",2.35,9.05,8.97583648011554,9.21198111092672
"237",2.36,9.08,8.88880925861793,9.06542689322494
"238",2.37,9.11,8.99202562627511,8.95015133301727
"239",2.38,9.14,9.01244621745241,9.29998026099987
"240",2.39,9.17,9.36057954930677,9.21326422978193
"241",2.4,9.2,9.08463974035811,9.16070098271593
"242",2.41,9.23,9.40421678637131,9.05577876164578
"243",2.42,9.26,9.34827973380941,8.89263337453827
"244",2.43,9.29,9.10663719332288,8.80066250517033
"245",2.44,9.32,9.21829619171983,9.13077073467895
"246",2.45,9.35,9.31933247170702,9.84981711362489
"247",2.46,9.38,9.48261918713758,9.51368265028112
"248",2.47,9.41,9.33762088325049,9.66898164440878
"249",2.48,9.44,9.51850664869323,9.23935236671008
"250",2.49,9.47,9.44651755631017,9.59483001546934
"251",2.5,9.5,9.59815733729629,9.53669492597692
"252",2.51,9.53,9.67798191994103,9.98672621601261
"253",2.52,9.56,9.5123129538293,9.60286797903478
"254",2.53,9.59,9.45606927620445,9.21290822551586
"255",2.54,9.62,9.59512539428845,9.84196769248694
"256",2.55,9.65,9.57325840897509,9.62625566413626
"257",2.56,9.68,9.56948052520119,9.97981148196384
"258",2.57,9.71,9.70543052794121,9.53372253597714
"259",2.58,9.74,9.71386365200649,9.31795671443455
"260",2.59,9.77,9.68837656542356,9.73473944932222
"261",2.6,9.8,9.65835807657568,9.59710165341385
"262",2.61,9.83,10.0531004742995,9.79576129365712
"263",2.62,9.86,10.0325479638658,10.0508276122995
"264",2.63,9.89,10.0360426213907,9.51252014153637
"265",2.64,9.92,9.80478394291177,9.47767505802214
"266",2.65,9.95,10.0497573769302,10.2007361471653
"267",2.66,9.98,9.79529430344957,10.1349169598147
"268",2.67,10.01,10.1699639042709,10.3238234419748
"269",2.68,10.04,10.1609896400031,10.2605888566095
"270",2.69,10.07,10.3204702501083,10.0457684110664
"271",2.7,10.1,10.0544265941845,10.4883372831624
"272",2.71,10.13,10.0504148673333,10.0983720038738
"273",2.72,10.16,10.3227716203695,10.4987325974181
"274",2.73,10.19,10.1288357945348,9.74211565061472
"275",2.74,10.22,10.4115750219158,10.042613221826
"276",2.75,10.25,10.185354792967,10.0979667857755
"277",2.76,10.28,10.0973191286772,10.6396945721656
"278",2.77,10.31,10.5423336061108,9.83213032403961
"279",2.78,10.34,10.2314816201238,10.0230083001405
"280",2.79,10.37,10.5742034219044,9.9839820930548
"281",2.8,10.4,10.3811832519807,10.1861943233293
"282",2.81,10.43,10.6826138982848,10.5321516595501
"283",2.82,10.46,10.2421144435666,10.200109606646
"284",2.83,10.49,10.5454844442058,10.8369378768932
"285",2.84,10.52,10.2823207466346,10.6573335663229
"286",2.85,10.55,10.5506537575281,10.8242841192521
"287",2.86,10.58,10.3291211053575,10.4415848410409
"288",2.87,10.61,10.8402535772367,11.1054700320959
"289",2.88,10.64,10.4835349845281,10.942962128073
"290",2.89,10.67,10.5017403301547,10.2873329567537
"291",2.9,10.7,10.7246911714389,10.4743510631844
"292",2.91,10.73,10.5402864139513,10.2599492029008
"293",2.92,10.76,10.6267866587806,10.6197273104824
"294",2.93,10.79,10.670684359774,11.2623129109479
"295",2.94,10.82,10.9958904126002,10.701403852487
"296",2.95,10.85,10.6192674609914,11.2999462766107
"297",2.96,10.88,11.0142407805324,10.6518867214862
"298",2.97,10.91,10.6894498185399,10.4850358588994
"299",2.98,10.94,10.9776978742038,10.9579422383662
"300",2.99,10.97,10.943225921566,11.1511894017737
"301",3,11,10.74590608984,11.3045123543125
"302",3.01,11.03,10.9465122832262,11.2728644527681
"303",3.02,11.06,11.187710519613,11.0748039406631
"304",3.03,11.09,11.1059331205777,11.2115003759135
"305",3.04,11.12,11.3944328711471,10.7358146932721
"306",3.05,11.15,11.4018312377454,11.1281794496812
"307",3.06,11.18,11.2194273313419,11.5682923135534
"308",3.07,11.21,10.9815199794137,11.2091766423918
"309",3.08,11.24,11.4052199215288,10.8921132509224
"310",3.09,11.27,11.3878563774088,11.4983847380895
"311",3.1,11.3,11.1791218886513,11.2048765385523
"312",3.11,11.33,11.4443625577551,11.6854778001271
"313",3.12,11.36,11.2817828930076,11.6602557684667
"314",3.13,11.39,11.2196793434476,11.5023717271257
"315",3.14,11.42,11.1649463749968,11.0224767928757
"316",3.15,11.45,11.3044144390459,11.0061839176808
"317",3.16,11.48,11.4735118507165,11.4192238373403
"318",3.17,11.51,11.5860471940781,11.1598914968688
"319",3.18,11.54,11.4209278703118,11.5463373860903
"320",3.19,11.57,11.7657267111497,11.8872296562698
"321",3.2,11.6,11.3806312685786,11.3725767900702
"322",3.21,11.63,11.6498790218515,11.7851861793268
"323",3.22,11.66,11.4794201121405,11.7174652657378
"324",3.23,11.69,11.4294184576697,11.9527531858161
"325",3.24,11.72,11.7116520335269,11.9818202480953
"326",3.25,11.75,11.5289949712023,11.7202482111752
"327",3.26,11.78,11.7315165867738,12.0154991412722
"328",3.27,11.81,11.6637531551401,11.7805675453879
"329",3.28,11.84,11.8119963337183,11.9255878845323
"330",3.29,11.87,11.7566795960168,12.3093308833241
"331",3.3,11.9,11.648320866538,11.4763417712878
"332",3.31,11.93,11.9650393285799,11.9820076567773
"333",3.32,11.96,12.2518353971108,12.4460482839867
"334",3.33,11.99,11.8809406573849,12.423002515696
"335",3.34,12.02,12.1760254359655,12.2421115555149
"336",3.35,12.05,12.3058795252064,12.4778300798032
"337",3.36,12.08,12.1005213649385,11.9156250845827
"338",3.37,12.11,11.8573315666069,12.2214197440911
"339",3.38,12.14,11.9080468949417,12.5209295387473
"340",3.39,12.17,12.0979206851905,12.2196684676036
"341",3.4,12.2,11.9076420394867,11.8213828702457
"342",3.41,12.23,12.5008624225404,12.4864348545857
"343",3.42,12.26,11.9986972680329,12.2369309242256
"344",3.43,12.29,12.165085964162,11.8962226011418
"345",3.44,12.32,12.1688633893039,12.625306190392
"346",3.45,12.35,12.1081471865624,12.1284363531973
"347",3.46,12.38,12.0785067419442,11.9144609327149
"348",3.47,12.41,12.6435193549908,12.3471242658235
"349",3.48,12.44,12.142088896641,12.3444595018495
"350",3.49,12.47,12.7622309887669,12.3590696603339
"351",3.5,12.5,12.4870704715431,12.8749372896273
"352",3.51,12.53,12.7310486186879,12.976336356923
"353",3.52,12.56,12.573491119965,12.9842804120295
"354",3.53,12.59,12.7590805037124,12.1575748232752
"355",3.54,12.62,12.5125481578317,12.6233044437878
"356",3.55,12.65,12.9427507800661,12.6535726353526
"357",3.56,12.68,12.885002201227,12.2402813910227
"358",3.57,12.71,13.0266587178968,12.9980971645936
"359",3.58,12.74,12.6157801716249,12.5266066836286
"360",3.59,12.77,12.9299888832518,12.4760263634194
"361",3.6,12.8,13.0667129178345,12.4230171795469
"362",3.61,12.83,12.6090408231386,12.555559175713
"363",3.62,12.86,13.1674564908652,12.5179923063982
"364",3.63,12.89,13.1311902106676,12.6205565483402
"365",3.64,12.92,12.7463239248134,12.7055086911004
"366",3.65,12.95,12.8841544327536,13.2655497284606
"367",3.66,12.98,12.937258791317,13.2851147460938
"368",3.67,13.01,13.2116780580515,13.1204845574591
"369",3.68,13.04,13.1670825051973,13.0774277350493
"370",3.69,13.07,13.0484796996858,13.3718214637414
"371",3.7,13.1,13.1442586383561,13.5856157728937
"372",3.71,13.13,13.2520548368769,13.4667177878972
"373",3.72,13.16,12.8521791082989,12.7596498938184
"374",3.73,13.19,13.2675094398579,12.9056142143067
"375",3.74,13.22,13.0166859793018,13.4457057121024
"376",3.75,13.25,13.0211938575027,12.9512298698537
"377",3.76,13.28,13.4426389310136,13.502713064868
"378",3.77,13.31,13.1882578111973,13.1607122609299
"379",3.78,13.34,13.2640847621285,13.2011616992857
"380",3.79,13.37,13.5816311771405,13.4924779644981
"381",3.8,13.4,13.274701675456,13.4675371268298
"382",3.81,13.43,13.4973452426366,13.098533912627
"383",3.82,13.46,13.701598654225,13.684400565261
"384",3.83,13.49,13.455183918105,13.0232843170036
"385",3.84,13.52,13.8190158979679,13.3299389832932
"386",3.85,13.55,13.8203783813032,14.0436819712166
"387",3.86,13.58,13.4502997589526,13.0864572568517
"388",3.87,13.61,13.6222917106397,13.7476107428223
"389",3.88,13.64,13.7601406722325,13.2501037678309
"390",3.89,13.67,13.929851401906,13.8937253806088
"391",3.9,13.7,13.408246822115,13.430404464528
"392",3.91,13.73,13.8268490689202,14.2221082234941
"393",3.92,13.76,13.7575802058019,14.0538633961603
"394",3.93,13.79,13.4996466959064,14.2090187482163
"395",3.94,13.82,14.1309839195579,13.704568417212
"396",3.95,13.85,13.6162753193494,14.1595513130538
"397",3.96,13.88,14.1621220079702,14.1036401983537
"398",3.97,13.91,14.1104306488023,13.6463785335328
"399",3.98,13.94,14.2465393063158,13.7356464597955
"400",3.99,13.97,14.1429034174413,14.2718262649421
"401",4,14,13.9532255572965,13.5542048553471
"402",4.01,14.03,13.9658476264257,13.7536528261565
"403",4.02,14.06,14.0224533864644,13.8225046754256
"404",4.03,14.09,14.1071494742405,13.7137624126952
"405",4.04,14.12,13.9296823583366,13.8626915362012
"406",4.05,14.15,14.404913064455,14.2426336827688
"407",4.06,14.18,13.8768309186895,14.4441052249819
"408",4.07,14.21,14.1139909877237,13.8686257417221
"409",4.08,14.24,14.0701364993956,13.8197804214526
"410",4.09,14.27,13.9161310920781,14.3707201792672
"411",4.1,14.3,13.9476360723888,14.3397394290194
"412",4.11,14.33,14.0856655663805,14.4135224965122
"413",4.12,14.36,14.3323447953942,14.2430778752454
"414",4.13,14.39,14.2468520311803,14.4957268187869
"415",4.14,14.42,14.2001057968314,14.149989198735
"416",4.15,14.45,14.6371205327148,14.7269701757934
"417",4.16,14.48,14.5199870736226,14.5919163588155
"418",4.17,14.51,14.5569781847235,14.1554157500993
"419",4.18,14.54,14.7848683037432,14.5812505858112
"420",4.19,14.57,14.6677446049296,14.896075280318
"421",4.2,14.6,14.5809765098034,14.9206444138195
"422",4.21,14.63,14.6797815988698,14.8543535062298
"423",4.22,14.66,14.3778973076046,14.3614154703356
"424",4.23,14.69,15.0431840316626,14.6809511364531
"425",4.24,14.72,14.5636741710976,14.7214629168436
"426",4.25,14.75,14.7290524320735,14.3251368347555
"427",4.26,14.78,14.4833339022922,14.4005534827895
"428",4.27,14.81,15.0894921887916,14.5104393804818
"429",4.28,14.84,15.0842134650503,15.2810958585795
"430",4.29,14.87,14.7331039719097,14.5924811762571
"431",4.3,14.9,15.1141226108558,14.447279051505
"432",4.31,14.93,15.141169557316,14.6686353793554
"433",4.32,14.96,14.7290658555115,15.0452837569546
"434",4.33,14.99,14.8253996545724,14.9850843527913
"435",4.34,15.02,14.6740437043249,14.7140828769002
"436",4.35,15.05,14.9521242953895,15.509143953165
"437",4.36,15.08,15.300010198548,15.5057429575082
"438",4.37,15.11,14.770254391107,15.5866200990416
"439",4.38,15.14,15.47075344347,14.7906385910325
"440",4.39,15.17,15.4146442972372,15.0732857946586
"441",4.4,15.2,15.1548553550802,14.8833870627452
"442",4.41,15.23,14.9332498215166,14.9055250492133
"443",4.42,15.26,15.413689256222,15.0205232286733
"444",4.43,15.29,15.2733518026175,15.4692502957396
"445",4.44,15.32,14.9820255788658,15.7802840275038
"446",4.45,15.35,15.520821735537,15.207669481542
"447",4.46,15.38,15.6494638002967,15.6416159417666
"448",4.47,15.41,15.7032610999381,15.1320448371954
"449",4.48,15.44,15.223617434728,15.822845643675
"450",4.49,15.47,15.1358946086144,15.4621529442072
"451",4.5,15.5,15.605988007487,15.8735019441228
"452",4.51,15.53,15.2622095576673,15.1966535923723
"453",4.52,15.56,15.4144012881084,16.0432836748101
"454",4.53,15.59,15.5681986925135,15.2299988075718
"455",4.54,15.62,15.7323966342595,15.2147591317818
"456",4.55,15.65,15.3668346431886,15.2154409574345
"457",4.56,15.68,15.610027603738,15.5384495966788
"458",4.57,15.71,15.3348471687157,16.2068299039174
"459",4.58,15.74,16.0080722581134,15.3203826053161
"460",4.59,15.77,16.0615403564353,16.0441302861832
"461",4.6,15.8,15.8176750326646,16.1630382735282
"462",4.61,15.83,15.9249108228303,16.0556450525019
"463",4.62,15.86,16.1152835300839,15.5887291740067
"464",4.63,15.89,15.6860231582284,15.7468307075184
"465",4.64,15.92,16.2025290100053,15.8161785950232
"466",4.65,15.95,15.7575084052613,15.6393325906713
"467",4.66,15.98,15.7127867844861,15.945644717915
"468",4.67,16.01,15.9105453411457,15.9740716852155
"469",4.68,16.04,15.7410351931425,16.5327845050115
"470",4.69,16.07,15.7446142494134,16.4316777430288
"471",4.7,16.1,16.139578489227,15.6003423974849
"472",4.71,16.13,16.5246080739459,15.8464089467842
"473",4.72,16.16,16.2035304277036,15.9680825626384
"474",4.73,16.19,16.2821048227469,16.39577070117
"475",4.74,16.22,16.2792083604566,16.5097151866928
"476",4.75,16.25,16.5028586798144,16.4193416945636
"477",4.76,16.28,16.0273921680353,16.1370727391634
"478",4.77,16.31,15.9598074071358,16.3912383354641
"479",4.78,16.34,16.6852596779724,16.4055226423405
"480",4.79,16.37,16.0421192497259,16.0792998409644
"481",4.8,16.4,16.2851645393483,16.1091906182468
"482",4.81,16.43,16.434564004718,16.0725148656126
"483",4.82,16.46,16.5453615046332,16.8488483950868
"484",4.83,16.49,16.3296142801817,16.8474132712092
"485",4.84,16.52,16.5334521816927,16.4204994393326
"486",4.85,16.55,16.8638792874041,16.0635815688409
"487",4.86,16.58,16.9151472198812,16.7706254061032
"488",4.87,16.61,16.739143149005,16.8997423587274
"489",4.88,16.64,16.7515311872959,16.8161684939265
"490",4.89,16.67,17.0427861123549,16.8402101372648
"491",4.9,16.7,16.593051281774,16.2721593436319
"492",4.91,16.73,16.4693222816075,16.9985765961651
"493",4.92,16.76,16.5713046369352,17.2445659364946
"494",4.93,16.79,17.1824527782425,17.2731380895339
"495",4.94,16.82,16.9216895076383,16.7739057069924
"496",4.95,16.85,16.6809712787141,16.4487652642652
"497",4.96,16.88,16.6544835927216,16.6484158594348
"498",4.97,16.91,17.1791285592304,17.1921923412848
"499",4.98,16.94,16.8957083326306,16.6415305985697
"500",4.99,16.97,16.5863206264087,16.6405359884072
"501",5,17,16.6920214094687,17.0875834133476
"502",5.01,17.03,16.6458845445344,16.9966520042811
"503",5.02,17.06,16.6996748061965,16.9232658724673
"504",5.03,17.09,17.0892872263793,17.2945029983856
"505",5.04,17.12,16.9155512039363,17.1914295119978
"506",5.05,17.15,16.7417835951998,16.7637545160018
"507",5.06,17.18,16.8439053624291,17.4228140912671
"508",5.07,17.21,17.5198156719415,17.4259294316079
"509",5.08,17.24,17.3756290787007,17.6725464440044
"510",5.09,17.27,17.0317398785544,17.7261496495735
"511",5.1,17.3,17.436186822271,17.6876775398385
"512",5.11,17.33,16.9824197218725,17.5304233442713
"513",5.12,17.36,17.7541500760559,17.0931401105039
"514",5.13,17.39,17.8178573392286,16.9034726914112
"515",5.14,17.42,17.4679895388938,17.1168151838519
"516",5.15,17.45,17.7635476198915,17.1563179793768
"517",5.16,17.48,17.2239520996348,17.6495574887563
"518",5.17,17.51,17.3113036800954,17.7268509357143
"519",5.18,17.54,17.4064343495993,17.5460051663313
"520",5.19,17.57,17.3032333977266,17.9885079582967
"521",5.2,17.6,17.8277860782109,17.1694630052894
"522",5.21,17.63,17.7705110880997,17.9452874433435
"523",5.22,17.66,17.6430855676872,17.597849015696
"524",5.23,17.69,17.2666044003099,17.4528681582864
"525",5.24,17.72,17.9205782222417,17.2561972020473
"526",5.25,17.75,17.7565473460563,18.2222021953203
"527",5.26,17.78,18.1025304555821,17.6729429012351
"528",5.27,17.81,17.9163736355669,17.3123781615309
"529",5.28,17.84,17.9404357006066,17.5197690652311
"530",5.29,17.87,17.9446598915481,17.7783089565393
"531",5.3,17.9,17.7781041759124,17.662217940297
"532",5.31,17.93,18.3125226059889,18.0440331029892
"533",5.32,17.96,17.6203732724162,18.2031058450602
"534",5.33,17.99,18.2724245939445,17.5396182572097
"535",5.34,18.02,18.2882240053434,17.6388738888595
"536",5.35,18.05,18.1508535674028,18.5124717838597
"537",5.36,18.08,17.9679606688563,17.7210530703142
"538",5.37,18.11,18.4908842930665,17.9553451185487
"539",5.38,18.14,18.0199505524219,17.6510550192185
"540",5.39,18.17,18.3565425305112,18.1616331009008
"541",5.4,18.2,18.5144579118141,17.9870450788178
"542",5.41,18.23,18.6097238796959,18.5614326971304
"543",5.42,18.26,18.2952661239027,17.9966151516326
"544",5.43,18.29,18.22683048835,18.1644498095475
"545",5.44,18.32,18.4863203017954,17.8774929255527
"546",5.45,18.35,17.9931827158545,18.2994344505947
"547",5.46,18.38,18.4624403045818,18.0646814735327
"548",5.47,18.41,18.711572714789,18.0562300880812
"549",5.48,18.44,18.6137880093483,18.1712945558224
"550",5.49,18.47,18.8852961857659,18.8591737181693
"551",5.5,18.5,18.0436592551298,18.6046852129512
"552",5.51,18.53,18.332149275323,18.3771029410139
"553",5.52,18.56,18.4747784612626,18.6202799532935
"554",5.53,18.59,18.3730909236994,18.9145662245899
"555",5.54,18.62,18.8946486192613,19.059983864082
"556",5.55,18.65,18.9874947538489,19.1208684252109
"557",5.56,18.68,18.2676303282352,18.5628809279948
"558",5.57,18.71,19.0871666909931,18.5102513498068
"559",5.58,18.74,18.5861124435302,18.6697551284544
"560",5.59,18.77,18.7374901856569,19.2436952101812
"561",5.6,18.8,19.2479463839577,19.2454321218654
"562",5.61,18.83,19.0171973253926,19.3067955893185
"563",5.62,18.86,18.8249644331464,18.8813792072609
"564",5.63,18.89,19.266427689238,18.6754675441049
"565",5.64,18.92,18.7945191163006,18.9928065560106
"566",5.65,18.95,18.6462204498152,19.0033718129154
"567",5.66,18.98,19.2218767231016,19.4577091590222
"568",5.67,19.01,18.685040059353,18.5712257570028
"569",5.68,19.04,18.7027790107727,19.2417065521795
"570",5.69,19.07,19.1758599542783,19.1382063801214
"571",5.7,19.1,19.3037214465917,19.4530992898159
"572",5.71,19.13,18.7470285022365,18.9140219950303
"573",5.72,19.16,18.8128413640494,18.7074763177335
"574",5.73,19.19,19.2397093404415,19.2059347869921
"575",5.74,19.22,19.4814437094629,19.6783370252512
"576",5.75,19.25,19.0506867900636,19.7496079099365
"577",5.76,19.28,19.6787679999154,19.6518870384619
"578",5.77,19.31,19.7431142476131,19.4953906880133
"579",5.78,19.34,19.1114048507116,19.7850416541658
"580",5.79,19.37,19.2302237653144,19.7771071117651
"581",5.8,19.4,19.5101736514294,19.6378781109583
"582",5.81,19.43,19.5917487018215,18.9915333362948
"583",5.82,19.46,19.5582081188927,19.3761270563491
"584",5.83,19.49,19.207907002532,19.3632032633852
"585",5.84,19.52,19.3861446886025,19.1245404828619
"586",5.85,19.55,19.4760002155864,19.5337428168394
"587",5.86,19.58,19.3270889824615,19.3074009410758
"588",5.87,19.61,19.7227340707707,19.2398191051465
"589",5.88,19.64,20.1088917922075,19.9111315485649
"590",5.89,19.67,20.157100467774,19.9155448438413
"591",5.9,19.7,19.5096825342556,19.2623835783917
"592",5.91,19.73,19.5576431313669,19.9253965849243
"593",5.92,19.76,19.7278967594253,19.3894351618271
"594",5.93,19.79,19.9565037801539,19.4146460566763
"595",5.94,19.82,19.5879498516512,19.9945662994217
"596",5.95,19.85,19.863823819728,19.4246152794454
"597",5.96,19.88,20.1044125913591,20.3676562515274
"598",5.97,19.91,20.1600833197505,19.7784076839127
"599",5.98,19.94,19.83842752819,20.2468627924658
"600",5.99,19.97,20.3636739744801,20.2532100756932
"601",6,20,20.3744632259477,20.447947763605
"602",6.01,20.03,19.6805031567295,19.9320043718629
"603",6.02,20.06,20.5072497105701,19.6535090428684
"604",6.03,20.09,20.2871182092098,20.3146396497358
"605",6.04,20.12,20.0692399176331,19.8004859649856
"606",6.05,20.15,19.7487484673777,20.4033982524183
"607",6.06,20.18,20.6737429394906,20.0646590169705
"608",6.07,20.21,20.0336917751797,20.2820065406058
"609",6.08,20.24,20.4823040882004,20.6278213821445
"610",6.09,20.27,20.2645462380458,20.2653128569759
"611",6.1,20.3,20.0281600234553,20.2526104112156
"612",6.11,20.33,20.6005203832737,20.2129872673377
"613",6.12,20.36,20.1639847475062,20.2194012698159
"614",6.13,20.39,19.9017383376888,20.8880540387332
"615",6.14,20.42,20.2287048667567,20.0971734575741
"616",6.15,20.45,20.4953377397748,20.5746737693436
"617",6.16,20.48,20.7595736818314,20.0404200398084
"618",6.17,20.51,20.2961934943851,20.8453473322932
"619",6.18,20.54,21.0315195090086,20.6506141894124
"620",6.19,20.57,20.1440214640906,20.6092602193169
"621",6.2,20.6,20.5174780177372,20.2770724207163
"622",6.21,20.63,20.280195062437,20.8968954727706
"623",6.22,20.66,20.1767405605111,20.8413971053343
"624",6.23,20.69,20.672612775851,20.7963610143028
"625",6.24,20.72,20.6683498903932,20.9351179199573
"626",6.25,20.75,21.0371281280997,20.3408016082831
"627",6.26,20.78,20.6738932770055,20.6989748833887
"628",6.27,20.81,20.4795193268138,20.5027323606797
"629",6.28,20.84,21.0471943894932,21.1314481598418
"630",6.29,20.87,21.2055731146655,20.5065015693009
"631",6.3,20.9,21.3413337159122,21.0971939580981
"632",6.31,20.93,20.8059287442081,20.892907618843
"633",6.32,20.96,20.4389580558389,21.4378203216847
"634",6.33,20.99,20.7132247453226,20.9868100115657
"635",6.34,21.02,21.140942559242,21.1969290645607
"636",6.35,21.05,20.9638963567349,21.1262256891467
"637",6.36,21.08,21.5636296478203,20.7824967193138
"638",6.37,21.11,21.0903782643466,20.967262166217
"639",6.38,21.14,21.3514826341083,21.3854515080899
"640",6.39,21.17,21.254870590185,21.4023248493485
"641",6.4,21.2,21.2611368038971,21.0129046892282
"642",6.41,21.23,21.0738659954756,20.8374115729425
"643",6.42,21.26,21.0415050189921,21.5653954094648
"644",6.43,21.29,20.7649917457856,21.0092654344253
"645",6.44,21.32,21.2714776897328,21.8028064038884
"646",6.45,21.35,21.0815789509681,20.869617264159
"647",6.46,21.38,21.7077726584573,21.5626913086697
"648",6.47,21.41,21.7305115798948,21.4871495245863
"649",6.48,21.44,21.6364625783153,21.0728058554791
"650",6.49,21.47,21.1005154196401,21.3954004934337
"651",6.5,21.5,21.0895185758185,21.1353737497702
"652",6.51,21.53,21.9927211710507,21.6659806740657
"653",6.52,21.56,21.5437989775692,21.9117755994108
"654",6.53,21.59,22.0930745328795,21.4728659602441
"655",6.54,21.62,22.0170970847078,21.7733082148526
"656",6.55,21.65,21.4056689346733,21.9040834287647
"657",6.56,21.68,22.0749644697551,21.8602332089283
"658",6.57,21.71,21.6455029687812,21.5801909696683
"659",6.58,21.74,22.1380737842463,22.2362845805567
"660",6.59,21.77,21.6869238932829,21.4288095137849
"661",6.6,21.8,21.2730843939399,21.5094130371697
"662",6.61,21.83,21.4291686898484,22.1024551269785
"663",6.62,21.86,22.1294526328219,22.0600097364653
"664",6.63,21.89,21.6977546264929,21.4857139716484
"665",6.64,21.92,22.3966299272198,21.5323401711229
"666",6.65,21.95,22.0883291552792,21.652987401979
"667",6.66,21.98,22.2316764109123,22.3732468767744
"668",6.67,22.01,22.3023448944493,22.348387234835
"669",6.68,22.04,22.2740627761865,22.209944724068
"670",6.69,22.07,21.6600597140678,22.4035596655961
"671",6.7,22.1,22.1512577052473,22.0135977753904
"672",6.71,22.13,21.827245291479,22.0310026787873
"673",6.72,22.16,21.6349160163254,22.4482681451738
"674",6.73,22.19,21.9401476582456,21.9673099178448
"675",6.74,22.22,22.4088424132797,22.416107792668
"676",6.75,22.25,22.3744255213329,22.3873653216287
"677",6.76,22.28,22.7614188808938,22.0564950785786
"678",6.77,22.31,22.5668576416204,22.0286580912676
"679",6.78,22.34,21.9496942646548,22.2088912517391
"680",6.79,22.37,22.205641469655,22.5322220003046
"681",6.8,22.4,22.4615992228314,22.0118073184043
"682",6.81,22.43,21.91519886733,22.4803804758191
"683",6.82,22.46,22.2767654262355,22.4527747512702
"684",6.83,22.49,22.759904569258,22.7277533735707
"685",6.84,22.52,22.9071976391184,22.8359877173603
"686",6.85,22.55,22.7296858380677,22.6699757067952
"687",6.86,22.58,22.6571890838686,22.9725486986991
"688",6.87,22.61,22.9016710469265,22.8214134400617
"689",6.88,22.64,22.3506931248046,22.677195434561
"690",6.89,22.67,23.1345788390996,22.561916063847
"691",6.9,22.7,22.4018434055953,22.5816604742315
"692",6.91,22.73,22.8223105127335,22.923238960579
"693",6.92,22.76,23.0115978153055,23.0951391623728
"694",6.93,22.79,23.335196632455,22.5262337687518
"695",6.94,22.82,23.3881054937784,23.1231332383398
"696",6.95,22.85,23.2742628280097,23.1719424562994
"697",6.96,22.88,22.3256818979885,22.7295620246977
"698",6.97,22.91,22.7281440389309,22.6183962673787
"699",6.98,22.94,22.9669364527173,23.2172145746276
"700",6.99,22.97,23.13715117668,22.7652399167698
"701",7,23,23.0196256740484,22.5173394130543
"702",7.01,23.03,23.035793791567,22.5325632455945
"703",7.02,23.06,23.5266112451267,23.122679361552
"704",7.03,23.09,23.641729147178,23.1264726628177
"705",7.04,23.12,23.6573903105492,23.5737208436523
"706",7.05,23.15,23.3666788504168,23.5987234638073
"707",7.06,23.18,23.3368014968375,23.1217556938715
"708",7.07,23.21,23.3145847321162,23.301099224519
"709",7.08,23.24,23.7976519726557,23.6299600107688
"710",7.09,23.27,23.4367475285777,22.7988073024712
"711",7.1,23.3,22.8439190546225,23.0434068862349
"712",7.11,23.33,23.6482500166128,23.5547491057497
"713",7.12,23.36,23.470283919435,23.4611036494747
"714",7.13,23.39,23.18501030648,22.9188314400241
"715",7.14,23.42,23.8155325812052,23.223861574037
"716",7.15,23.45,23.4058109383297,23.4564884515014
"717",7.16,23.48,22.9379684962886,23.2210790461581
"718",7.17,23.51,23.6236219174835,23.4105346775521
"719",7.18,23.54,23.0294087457655,23.2236351347156
"720",7.19,23.57,23.3039326212185,23.7494806607068
"721",7.2,23.6,23.4664145623753,23.6586483003572
"722",7.21,23.63,24.1064615676944,23.1531167890597
"723",7.22,23.66,23.1953318977088,23.4845861839969
"724",7.23,23.69,24.1143410908182,23.3930311676208
"725",7.24,23.72,23.4222062974833,23.3386614206526
"726",7.25,23.75,23.4030748023069,23.827868856024
"727",7.26,23.78,23.6019450493162,23.7811584437452
"728",7.27,23.81,23.4698289980983,23.5932516101189
"729",7.28,23.84,24.0284970522858,24.3007837924268
"730",7.29,23.87,24.1122574092567,24.3437626751885
"731",7.3,23.9,24.1318662555399,23.6063508057035
"732",7.31,23.93,23.9967653298411,23.6216463442612
"733",7.32,23.96,24.1112294983105,23.7208390105888
"734",7.33,23.99,24.3429593434548,23.8746732680686
"735",7.34,24.02,23.9751000949899,24.3421147453878
"736",7.35,24.05,23.6378830569005,24.0096846550703
"737",7.36,24.08,23.5474445416732,24.5741913180519
"738",7.37,24.11,23.7337001129355,23.6482226642687
"739",7.38,24.14,23.5570117301142,23.6491743457597
"740",7.39,24.17,24.696122641787,24.6439500584546
"741",7.4,24.2,24.3183433675533,24.3541762754787
"742",7.41,24.23,23.7736259265125,23.8264661338367
"743",7.42,24.26,23.9960975854194,24.6501616195217
"744",7.43,24.29,24.6833680413166,24.2070024658088
"745",7.44,24.32,24.8844263633788,24.7246277245507
"746",7.45,24.35,24.7899233674572,24.0225353193469
"747",7.46,24.38,24.304419276274,24.2521214474645
"748",7.47,24.41,24.1529037766921,24.2006765171792
"749",7.48,24.44,24.5000794737684,24.5694761840254
"750",7.49,24.47,24.2102784605687,24.5209155183099
"751",7.5,24.5,24.704753349541,24.9113220907748
"752",7.51,24.53,24.6131667748907,24.0699667290039
"753",7.52,24.56,24.7083476616107,24.973288126234
"754",7.53,24.59,24.8559200138599,24.7123392433021
"755",7.54,24.62,24.5610718217629,24.8662655461859
"756",7.55,24.65,24.5139184525778,24.9905667589977
"757",7.56,24.68,24.5034885075544,25.1593382571079
"758",7.57,24.71,25.1257039008645,25.0779630795959
"759",7.58,24.74,24.1647820295861,24.586354447538
"760",7.59,24.77,24.6539130064081,24.5204603085108
"761",7.6,24.8,24.945424155416,24.751574430801
"762",7.61,24.83,24.6031662916566,25.2962320925854
"763",7.62,24.86,25.3860129309166,25.0173892694432
"764",7.63,24.89,24.3337050256054,24.7280811531097
"765",7.64,24.92,25.3655949045671,24.8178659831919
"766",7.65,24.95,24.8427674100542,25.3050756215118
"767",7.66,24.98,24.6055569428632,24.5667811995558
"768",7.67,25.01,25.6265741629221,25.2277966146264
"769",7.68,25.04,25.3501508536469,25.0739467378799
"770",7.69,25.07,24.8445085538918,24.9300945794024
"771",7.7,25.1,24.6493650946405,24.8202777685598
"772",7.71,25.13,25.0707935631886,24.7575777763221
"773",7.72,25.16,25.6610648864009,24.9891887165979
"774",7.73,25.19,24.6911261298057,25.0362681565434
"775",7.74,25.22,25.8129222732298,25.2723722716607
"776",7.75,25.25,24.8531121551408,25.7446796318982
"777",7.76,25.28,25.8905292464569,24.8238237586059
"778",7.77,25.31,24.7205964918109,25.0133676449209
"779",7.78,25.34,25.7508903950448,24.8863293467183
"780",7.79,25.37,25.9480212894964,24.9341842749901
"781",7.8,25.4,24.9581149373739,25.0968367458321
"782",7.81,25.43,24.93390618834,25.2183262792602
"783",7.82,25.46,25.9668407089356,25.863698134236
"784",7.83,25.49,25.9207070451877,25.8648329253867
"785",7.84,25.52,25.523976100049,25.4043169363681
"786",7.85,25.55,25.8210873149231,25.2679990690201
"787",7.86,25.58,25.0254013898035,25.2591084993165
"788",7.87,25.61,26.1787403456165,25.4627067890391
"789",7.88,25.64,25.4395570612526,25.4398343829531
"790",7.89,25.67,25.8039413924441,26.1305398278218
"791",7.9,25.7,25.1395148758765,25.6155353985261
"792",7.91,25.73,25.2337881963619,26.120274657635
"793",7.92,25.76,25.3391137706563,25.8046204061154
"794",7.93,25.79,26.1747795892153,25.4672118757945
"795",7.94,25.82,25.4315143139679,25.8571215280611
"796",7.95,25.85,26.1121134830959,26.2927505794447
"797",7.96,25.88,25.3927686470617,25.4845827216003
"798",7.97,25.91,25.3216507986343,26.007259209957
"799",7.98,25.94,26.0347466493528,26.1523620491475
"800",7.99,25.97,26.2599954029114,26.4033224371076
"801",8,26,26.2631394272903,26.0346746188588
"802",8.01,26.03,26.6210881911705,25.8274953609519
"803",8.02,26.06,26.5197306439502,25.9994948990084
"804",8.03,26.09,25.7457845680286,26.467175614005
"805",8.04,26.12,25.9783109236476,26.5882614861522
"806",8.05,26.15,26.3368139191868,25.7765022912994
"807",8.06,26.18,26.8306346913655,26.4747169719264
"808",8.07,26.21,26.4984112857555,26.6329727433994
"809",8.08,26.24,26.1716382696182,26.1712356701121
"810",8.09,26.27,25.7519141825502,26.2221242207848
"811",8.1,26.3,26.6010610551701,25.9600752403028
"812",8.11,26.33,26.1472479381739,25.9721299180947
"813",8.12,26.36,25.8526515386249,26.0661554773245
"814",8.13,26.39,26.466989093591,26.2491680058744
"815",8.14,26.42,26.4410150358514,26.5113544557989
"816",8.15,26.45,26.5081411225454,26.1063700614497
"817",8.16,26.48,27.0902230006466,26.7279455969296
"818",8.17,26.51,26.7223865522592,26.3497609272506
"819",8.18,26.54,26.7206906584357,26.4585349768959
"820",8.19,26.57,26.9146547065949,26.6209741157293
"821",8.2,26.6,26.9744488913217,26.7606073989533
"822",8.21,26.63,26.6115965826852,27.0622660586331
"823",8.22,26.66,26.5245848082334,26.943541275654
"824",8.23,26.69,26.9410262457863,26.678840179285
"825",8.24,26.72,26.6061334515046,27.0654616365489
"826",8.25,26.75,27.0641986168281,26.7885948964395
"827",8.26,26.78,26.1133410232936,26.6763994067162
"828",8.27,26.81,27.3184218702699,26.4421213676129
"829",8.28,26.84,26.9602363353688,26.4903746456001
"830",8.29,26.87,26.4226838787957,26.9722364685778
"831",8.3,26.9,26.8737879713043,26.8436817066744
"832",8.31,26.93,26.8622135525979,26.5907515662909
"833",8.32,26.96,26.7179530907078,27.3605178252701
"834",8.33,26.99,26.32121907153,26.9654904229194
"835",8.34,27.02,27.2719786769543,27.4977521379292
"836",8.35,27.05,27.1562246844743,27.1841992707457
"837",8.36,27.08,27.4504502323009,27.5005260721501
"838",8.37,27.11,26.8155581694518,26.9673325790931
"839",8.38,27.14,26.6292055257875,26.8127135437541
"840",8.39,27.17,26.9817948429004,27.2989352772292
"841",8.4,27.2,27.2405248058215,26.9437477498315
"842",8.41,27.23,27.6815640206866,26.830292815594
"843",8.42,27.26,27.6861958991585,27.3398328903038
"844",8.43,27.29,26.9210861521317,27.5955897632148
"845",8.44,27.32,26.7920451310775,27.171001376519
"846",8.45,27.35,27.9413011957094,26.8794325216673
"847",8.46,27.38,27.3268978432044,27.0832490805723
"848",8.47,27.41,27.0560588938094,27.3593275873829
"849",8.48,27.44,26.9206889231801,27.6718397269119
"850",8.49,27.47,26.9154176300425,27.4537809798773
"851",8.5,27.5,27.8287821255217,27.9286440832075
"852",8.51,27.53,27.7444067327338,27.9605421900935
"853",8.52,27.56,28.105416124396,27.5702773148101
"854",8.53,27.59,28.0085889767728,27.3766137528326
"855",8.54,27.62,26.978480519247,27.2452940983977
"856",8.55,27.65,27.7586158580118,28.0673016315326
"857",8.56,27.68,28.1881057592742,27.5348721831758
"858",8.57,27.71,27.520143928068,27.5686561572738
"859",8.58,27.74,27.8448764942768,28.1804729253147
"860",8.59,27.77,27.4032689319975,27.3607151713036
"861",8.6,27.8,27.8684693238838,27.9751663268078
"862",8.61,27.83,27.5226009631107,27.4088487100508
"863",8.62,27.86,28.4758036612875,27.6086032310408
"864",8.63,27.89,28.4477184958382,27.7270799778495
"865",8.64,27.92,27.8394753496284,28.3067444493808
"866",8.65,27.95,28.5205205908266,28.4473421702161
"867",8.66,27.98,27.3601255111597,27.5804132686649
"868",8.67,28.01,28.2949495741347,28.4491291730572
"869",8.68,28.04,28.3970022744895,27.9795029540174
"870",8.69,28.07,27.5060641386554,27.6371068052761
"871",8.7,28.1,27.3994196106691,28.1327857229859
"872",8.71,28.13,28.4779509752719,27.6350977231003
"873",8.72,28.16,28.3381213364899,28.1586661411822
"874",8.73,28.19,28.2277470823688,27.9331448267307
"875",8.74,28.22,28.0899324044322,27.8253540329449
"876",8.75,28.25,28.5640542753536,28.5972054419108
"877",8.76,28.28,28.8452943457207,28.2015009335894
"878",8.77,28.31,28.4307520868037,28.369615921462
"879",8.78,28.34,28.0527362860688,28.6859067107178
"880",8.79,28.37,27.8711857249535,28.0147272337973
"881",8.8,28.4,28.7696748337755,28.207543362258
"882",8.81,28.43,28.9695208224908,28.1164393071737
"883",8.82,28.46,28.082504501615,28.042067004405
"884",8.83,28.49,29.033264976637,28.9193796287384
"885",8.84,28.52,27.9273581405701,28.4342590842675
"886",8.85,28.55,28.2967042720399,28.7723285101354
"887",8.86,28.58,27.8947112917847,28.6242871085834
"888",8.87,28.61,28.4607025497962,28.2204076562915
"889",8.88,28.64,28.1493146687932,29.0837974565662
"890",8.89,28.67,29.0893549826514,29.1142850940395
"891",8.9,28.7,29.0918885275803,28.266982034361
"892",8.91,28.73,28.4609534907028,29.0061258743703
"893",8.92,28.76,28.7630215817536,28.4110666983668
"894",8.93,28.79,28.8097668597668,28.9022561017983
"895",8.94,28.82,29.0329967716036,28.8420699992497
"896",8.95,28.85,29.0938629004156,28.8863282875624
"897",8.96,28.88,28.2521086122161,28.6383544084337
"898",8.97,28.91,29.0612885332416,28.6173775236495
"899",8.98,28.94,28.5925430431999,29.3657880265359
"900",8.99,28.97,29.6888209361434,29.3600237348862
"901",9,29,29.4837054600706,28.6043225149624
"902",9.01,29.03,29.5040188724661,29.495816926444
"903",9.02,29.06,28.7382022587815,29.1795502420887
"904",9.03,29.09,29.0604496108125,29.3480892320257
"905",9.04,29.12,29.76675100049,29.5320739605278
"906",9.05,29.15,28.7024409625126,28.869940606039
"907",9.06,29.18,29.5723227404803,29.6280643433053
"908",9.07,29.21,28.8043024557052,29.293427214995
"909",9.08,29.24,29.2412198660066,28.9323379686195
"910",9.09,29.27,29.1254500057831,29.0013743887935
"911",9.1,29.3,29.7419607450254,28.8708599949721
"912",9.11,29.33,29.7859075434165,29.7470808347408
"913",9.12,29.36,29.159333383874,29.2894007346034
"914",9.13,29.39,29.037703047693,29.1580967880879
"915",9.14,29.42,29.997420979501,29.2847346219514
"916",9.15,29.45,29.5881637190218,29.5727945857681
"917",9.16,29.48,29.9076567769498,29.4098151810654
"918",9.17,29.51,29.5578225665319,29.0682473864779
"919",9.18,29.54,29.3146784950776,29.4746104739234
"920",9.19,29.57,29.6239923092332,29.0965782205388
"921",9.2,29.6,30.2620509535726,29.548671463877
"922",9.21,29.63,29.7103298699844,30.0444847551361
"923",9.22,29.66,30.039544988283,29.1740980212018
"924",9.23,29.69,29.97858403755,29.4276037854701
"925",9.24,29.72,29.6347835698253,29.8936976089887
"926",9.25,29.75,30.4838098328386,30.0656529401895
"927",9.26,29.78,29.7251123216462,29.52941795622
"928",9.27,29.81,30.0203343010027,29.6974695971608
"929",9.28,29.84,29.7219552049506,29.9442090714909
"930",9.29,29.87,29.1786739837797,29.5267300620954
"931",9.3,29.9,29.2229470885883,29.7322000794578
"932",9.31,29.93,29.4330788679286,30.1805674157292
"933",9.32,29.96,30.0728403501599,30.2071327986568
"934",9.33,29.99,29.5754728850583,30.0166909832135
"935",9.34,30.02,30.3273059407589,30.3354184627347
"936",9.35,30.05,30.2344797123811,30.3301156879868
"937",9.36,30.08,29.8640028016046,30.5530923771858
"938",9.37,30.11,30.6967494555395,29.675817218041
"939",9.38,30.14,30.8417770668876,30.5701775062922
"940",9.39,30.17,30.6026030489204,30.2128611533716
"941",9.4,30.2,29.782807953083,29.8471358963754
"942",9.41,30.23,30.7144487826541,30.1467972931173
"943",9.42,30.26,29.9086462544971,30.7493765749875
"944",9.43,30.29,30.7158973105778,30.6085056957882
"945",9.44,30.32,30.8542913297657,29.889031072082
"946",9.45,30.35,30.1911672081187,30.3067196909338
"947",9.46,30.38,30.3952228707878,30.1374576595798
"948",9.47,30.41,30.2703313790729,30.0912279745936
"949",9.48,30.44,30.5096033664248,30.5588309995923
"950",9.49,30.47,30.9908680231491,30.2246069310047
"951",9.5,30.5,30.2789605461992,30.1957269818522
"952",9.51,30.53,31.2441783283631,30.9470127608813
"953",9.52,30.56,30.8167216001581,30.6048263522703
"954",9.53,30.59,30.9184380498857,30.4148031542171
"955",9.54,30.62,30.202467060928,30.4914608936571
"956",9.55,30.65,31.2183946898795,31.0122747468762
"957",9.56,30.68,30.7903252825257,30.3146174157225
"958",9.57,30.71,30.7912082017972,31.0481354967132
"959",9.58,30.74,30.7616066101941,30.4916889052931
"960",9.59,30.77,31.1969368762271,30.7881863335893
"961",9.6,30.8,31.0846817278955,31.177804528689
"962",9.61,30.83,31.0164190094549,30.6105972625501
"963",9.62,30.86,31.5661198560814,31.1582500877697
"964",9.63,30.89,30.8990327251564,30.913245785851
"965",9.64,30.92,30.8249245580602,31.1674079017993
"966",9.65,30.95,31.5106935855426,30.4516829753295
"967",9.66,30.98,31.1871529942653,30.5017908369377
"968",9.67,31.01,31.6811960764901,31.0347720219195
"969",9.68,31.04,30.6746521404162,31.3524189961236
"970",9.69,31.07,31.6363986412907,30.814135690853
"971",9.7,31.1,31.6302643156121,30.7866655391641
"972",9.71,31.13,31.0203452675493,31.0423776094057
"973",9.72,31.16,31.2639135339609,31.6187556072511
"974",9.73,31.19,31.3877683571817,31.6561062466912
"975",9.74,31.22,30.5197846970772,31.2862857831921
"976",9.75,31.25,31.158615980894,30.9467448540963
"977",9.76,31.28,30.5404477198245,31.7247474365588
"978",9.77,31.31,31.8649647052127,30.907691787174
"979",9.78,31.34,31.9186483978697,31.3700648801494
"980",9.79,31.37,31.2040186590607,31.5999207425676
"981",9.8,31.4,30.7927639722824,31.8125182807911
"982",9.81,31.43,32.1658443579985,31.6816905774828
"983",9.82,31.46,31.7591112135162,31.1847651694343
"984",9.83,31.49,31.1877058088365,31.1209490045533
"985",9.84,31.52,31.8077126454636,31.8966571395099
"986",9.85,31.55,32.1154505294957,31.261177945137
"987",9.86,31.58,32.2072509055303,31.5404292295407
"988",9.87,31.61,31.1244481930998,31.3713337794319
"989",9.88,31.64,31.3303350187391,32.0605683525652
"990",9.89,31.67,31.1940995875876,31.8658918191958
"991",9.9,31.7,31.1019233059825,31.2150769467
"992",9.91,31.73,32.0159366459781,31.3138564508595
"993",9.92,31.76,31.6634158016294,31.7538214046415
"994",9.93,31.79,32.5745177543547,31.8813938086014
"995",9.94,31.82,31.3679671852256,31.3597968376055
"996",9.95,31.85,32.0386157376203,31.583300154563
"997",9.96,31.88,32.286282104203,31.775542377606
"998",9.97,31.91,31.4300631185204,31.9496524597891
"999",9.98,31.94,32.0223021023707,32.3564462636691
"1000",9.99,31.97,32.6321849980697,31.6034264627658
"1001",10,32,32.0012336529791,31.5752156686503
